X0,X1,X2,X3,X4,Y
1.39860397,3.074716154,-0.585266071,2.111867356,-3.74824027,1
0.313867376,-0.584372108,-0.86052571,-1.286316566,0.199291865,1
2.090361203,-0.490306584,0.290709906,1.059651597,-1.675212582,0
-2.241079303,0.122584549,-1.849462253,2.023604383,1.955178085,1
1.195561959,-0.874294568,-0.771004928,1.174843571,-0.53677075,0
-1.994847061,0.322238589,0.201204545,1.219327407,1.606420196,1
0.552183613,-0.993233859,1.481663861,-0.811110105,0.25798662,1
1.3176012,-2.274636117,-1.073295331,0.973562191,0.41075569,0
-0.91259758,-0.35911676,-0.566762472,0.88134865,1.101675946,0
1.573399135,-1.041527196,-0.307407366,0.248212113,-0.729234548,1
1.062542754,1.450006916,-0.726133766,0.93818116,-2.1497991,1
-2.078793164,-1.905935746,0.904154667,2.049702217,3.327076953,0
-0.702817292,1.429663518,-0.574202681,1.721087246,-0.484503755,1
0.037439485,1.048857621,-0.609522148,0.154829281,-0.832922111,1
-1.945565636,-1.345033825,-1.3075741,2.0223952,2.778583867,0
-0.247185105,-1.220811616,0.765106069,0.282320085,1.142756406,0
-0.196952728,-1.64119376,-0.402114435,0.0615804,1.421549532,0
-1.776564893,0.434563022,0.327067103,0.596663785,1.341833699,1
1.750891252,-1.074466608,0.404572086,0.276411461,-0.875200182,1
-0.816694189,-1.155021945,2.466723582,-0.460774057,1.671000921,0
0.179471322,-0.744589264,0.62910365,-1.159373164,0.442514486,1
0.137083006,1.110622635,-0.130018103,0.996281761,-1.01306859,1
-0.073510308,-0.0472246,0.266700215,0.606646816,0.078035429,1
1.306433609,1.777550957,0.510794491,0.621491494,-2.614950348,1
1.223747911,1.537530994,1.129891122,0.526406351,-2.350841505,1
0.279941911,-0.188730088,0.951620356,0.854837896,-0.164232413,1
2.010159518,-1.173436433,-1.19188759,0.057098145,-1.038199298,1
0.741490085,0.681634591,-0.786563937,0.724144757,-1.254630966,1
0.543045315,-0.671992477,0.540702952,-0.774046481,0.023031017,1
1.666417754,-0.146296514,1.322446502,1.76654971,-1.561840179,1
1.442104286,-0.877150465,-0.280776779,-0.37418705,-0.699228309,1
-1.018666097,-0.476953869,0.056011043,0.984292663,1.287021052,0
0.359574237,-0.151901472,-1.751302746,0.286535906,-0.242035671,0
-1.312689406,-0.561272659,-0.534530617,-2.367282753,1.784528318,0
-0.468662333,-1.319957551,-1.531657387,-0.971015867,1.486232097,0
-0.641929385,-1.150203896,-1.141204345,0.974783228,1.43485694,0
-0.27467344,1.587388751,-0.130342811,0.17872631,-0.941643586,1
-1.429586489,-0.70219991,0.185352085,-0.643374058,1.923501357,0
1.435023389,-1.350942049,-2.168791333,-1.854960629,-0.267868156,1
1.098694458,-0.932648308,-0.80854623,0.884361244,-0.387033598,1
-0.507931033,-0.42903123,-2.223033518,0.566268464,0.782325422,0
-0.997777645,0.3469436,-0.413485371,1.042291243,0.643790431,0
-2.381697726,-0.053521848,1.333156233,2.572123016,2.197038472,0
-0.435542124,-0.469151986,0.724804413,-1.418669722,0.834168671,1
1.41211789,0.847253336,0.146328836,1.430185943,-2.052058276,1
1.33240002,0.544123703,0.15391983,0.992357964,-1.727574426,1
-1.292496002,0.081306143,3.126594246,1.610089586,1.099363965,0
-2.170535318,-0.142496649,-1.442371438,2.237836061,2.077703342,0
-0.466642363,-1.303464821,0.414882072,-1.629479892,1.501982536,0
-3.126904382,0.575489397,0.274750926,-1.623922832,2.626649561,0
0.093358641,2.037446613,0.913631609,2.062206521,-1.718212559,1
-0.580722044,1.447410477,-0.220672331,1.720336045,-0.614428185,1
2.177999513,1.641675068,0.186009187,0.958952587,-3.360292949,1
1.321676081,-1.017009163,1.88824751,-1.732052168,-0.416798291,1
-2.786818357,-0.524073341,1.133153649,2.980205228,2.919697591,0
1.003464548,-0.674999091,0.322874111,-0.367970897,-0.432928527,1
-0.968254858,-2.150353634,1.023706634,1.565470167,2.472865709,0
0.491537565,-1.498368745,0.662142729,-0.584620214,0.686056051,0
0.574648035,0.752959633,2.064127259,0.103128398,-1.120648739,1
0.890770042,-2.386555604,-0.484636713,-0.811415232,0.984253589,0
-0.014644356,2.29323453,-0.002209638,2.877913984,-1.845053151,1
-1.503312614,-0.754346736,-0.256897057,0.085255066,1.99987404,0
-0.515117958,-0.318070377,-2.732476825,-1.468075449,0.798607231,1
-1.404038971,-0.45988029,1.145910901,1.387315962,1.623731742,0
1.113803664,-1.89786731,0.061282912,1.229727576,0.309837609,0
-0.428475504,-0.48492602,0.549079582,0.372355977,0.757422431,0
-2.456623755,0.11892329,-1.269325009,-2.01788844,2.348527651,0
-0.656420515,-0.379842447,-0.461475867,-2.796361223,1.040796373,1
-0.814743288,1.052000421,0.481996479,0.937415879,-0.057307803,1
-0.482347674,1.74354723,1.845963989,1.387708206,-0.916236627,1
0.521013621,2.425749459,-0.523433164,1.363586582,-2.387150472,1
1.815261935,-1.289907585,-0.785647658,1.821842165,-0.845032032,0
-1.446648755,-0.627270075,0.782840389,1.500762212,1.78532668,0
0.987292713,-1.969536778,-0.282494298,2.869784989,0.409653399,0
0.847353508,0.992262002,-1.228348409,1.113890772,-1.607531332,1
0.570651027,1.338435516,-0.666932914,1.167455653,-1.606522216,1
2.614707486,-1.710417429,-1.175944551,-0.762873353,-1.17350092,1
1.482061417,0.96434277,1.146451591,0.743445887,-2.175654479,1
-0.931517961,-0.9878038,-0.886577234,-1.330671186,1.694453237,0
0.644666408,-2.269170461,2.189794933,-0.478808796,1.115630153,0
1.695670921,-1.426882624,-0.445398291,-1.375517721,-0.481477178,1
2.046482003,-1.252154328,0.650941867,1.522863705,-1.080597447,0
-5.040892814,1.913800447,1.086885189,-1.89501415,3.458598968,0
0.832103851,-3.46714607,0.233913057,1.275342232,1.758870301,0
0.67660683,1.020054907,0.050401314,0.913971521,-1.456279644,1
-0.06562149,-1.605439471,-0.358548526,-1.57569482,1.344058088,0
0.764730805,-2.008458189,0.19676286,-0.958697653,0.826526859,0
-2.986893923,0.3488753,0.054800257,-0.175221245,2.597427158,0
-0.049229432,0.729469383,0.85288419,0.678907817,-0.533528854,1
1.128792644,-0.741270245,0.370803425,0.599792159,-0.546927904,1
-1.067337491,-1.170456338,-0.32707775,1.134455864,1.849040313,0
-0.882866072,-0.430876182,0.687113572,0.798055573,1.131148447,0
1.030077636,0.295566797,0.094566577,1.725721467,-1.285175469,0
0.466408889,-1.041839963,0.268178219,0.610976242,0.311494561,0
-1.137329979,-0.646855466,-0.189852074,1.166403927,1.519993894,0
-0.242859173,1.426396724,1.088283085,-0.001659585,-0.842503234,1
2.084884967,-0.847864959,1.826376299,0.846017424,-1.390871909,0
-0.56542398,0.159523232,0.111603391,0.824819036,0.382054628,0
1.176309564,-2.29463274,0.310662885,1.261384434,0.547581547,0
-3.129737274,0.368545623,1.069818431,0.085143002,2.707109416,0
0.291020095,0.047081411,0.982947699,-0.203806665,-0.304046944,0
-2.779428399,0.282920528,-3.371665819,-1.378478892,2.504008392,0
0.971336693,2.360438169,-0.43715839,-0.003170462,-2.705486778,1
0.614661352,-1.257458281,0.481246824,0.150283888,0.353410879,0
1.262688966,-0.846338342,-0.580276974,1.479079465,-0.63583903,0
2.05259053,-1.499562689,0.044530973,-1.120364068,-0.779219778,1
-1.276630492,-0.178066087,-0.239211673,1.328522825,1.292468349,0
1.528692046,0.694229035,1.832688215,1.485095974,-2.050615205,1
-1.142431071,-1.501079867,0.401541192,1.223663729,2.165724617,1
-1.119096506,0.727958983,1.154569831,2.35830669,0.41246024,1
-2.104372848,-0.578752314,-0.827141567,2.108097441,2.349081661,0
-0.147008374,-0.526163122,1.94358805,0.064041589,0.533804841,0
0.899906934,-0.86528303,0.597646042,-1.445785368,-0.141426808,1
-0.316252513,0.135822105,-0.172704215,0.212432746,0.189968209,0
2.739505726,-1.149763365,-1.80466337,0.603748584,-1.777484568,1
-0.82516013,1.118671626,0.805101477,1.282558775,-0.113362245,1
0.490450786,0.05880704,0.508310799,-0.585593713,-0.485864221,0
1.445797006,1.692468656,-1.194543028,0.845125474,-2.694162499,1
-2.053215088,0.320898055,-0.835040105,1.856988887,1.634014242,1
2.156922681,-1.50034921,0.381000091,0.34385842,-0.945195421,0
0.819211827,-0.829906687,-0.569525365,-0.441511473,-0.136931255,1
2.400399208,3.166315069,0.633524989,-2.142859351,-4.579352687,1
1.11133336,1.442197123,0.253533022,1.148117937,-2.200104515,1
0.817317418,1.224339947,0.424903559,1.171308215,-1.756296116,1
0.34813332,-0.959082515,-1.892594271,0.961686218,0.346063599,0
0.524392431,-1.170160761,-0.977921109,-1.677901036,0.457428976,1
-0.50342603,1.365053925,-0.340633473,1.003379684,-0.593423601,1
-2.295558294,-0.29869071,-0.320162362,0.46032302,2.396011319,0
-2.168117458,0.346630848,0.628366424,1.707721789,1.731175725,1
1.767020665,-1.402576791,-0.37266885,0.33381526,-0.646065073,0
-0.173936358,-1.885882956,0.341941351,1.499299045,1.51816404,0
-2.162504179,-0.756321285,0.310666997,2.321154726,2.528612236,0
-0.680145922,0.281372341,-0.313665188,1.398705079,0.373579987,1
3.229462569,1.101125226,-0.167846317,1.162474282,-3.966461915,1
-0.470642946,0.930849402,1.689168813,1.151947921,-0.304439416,1
-1.717418724,0.367896098,-0.449757966,1.485915565,1.294919669,1
0.671432947,-0.793466755,-0.496454093,1.640782549,-0.118461841,0
-2.990932592,-0.379905784,-0.348452082,2.733805551,3.017273624,1
0.645204149,-0.813794797,1.74945975,-0.021112164,-0.002125639,0
-1.562139633,-0.851311955,-0.974615188,1.698027216,2.055360048,0
-0.025903148,0.478314918,-2.559897157,1.852761735,-0.420276923,1
-0.330446821,-1.515079512,-1.015218509,-0.239335928,1.467781254,0
-1.30560102,-0.709338795,-1.45220697,-1.326611373,1.84171949,0
0.666995778,0.811733711,-1.266373626,0.658250421,-1.278485136,1
-0.311115951,-0.777921517,-2.113534124,0.145710947,0.876426107,0
-2.579050173,-0.384517451,0.0091791,1.914878646,2.66487518,1
2.249526275,1.494939198,0.063086564,1.350498789,-3.335960648,1
0.27231039,-1.748087512,-0.96964586,-0.341325305,1.07238618,0
-0.685311669,-0.854730065,-0.673269399,0.497721634,1.275516076,0
-2.932280908,0.206613501,0.897606479,-0.887854804,2.685020312,0
0.24811342,-0.785133665,-0.856129052,-0.332010417,0.369684277,1
0.355489877,-0.801134634,-0.883201668,-0.920932897,0.306126449,1
1.136402437,-2.46797716,1.108934497,-1.995247131,0.865151685,0
1.351391515,0.378484388,-1.433678232,1.7943353,-1.657599582,1
0.52172416,-0.948427254,2.007226336,-2.234967378,0.318415146,1
-1.665051618,-0.264136799,1.247365056,1.876214943,1.703173406,0
0.168146668,-0.712029736,0.550155772,-0.929660518,0.418300002,1
0.134690562,-2.118689773,0.095178539,1.700296916,1.389634184,0
-0.743172411,-1.000536057,0.564701613,0.677229425,1.432395364,0
-1.779079895,-0.158770098,0.364680544,-0.062760247,1.821333304,1
1.400010845,1.844958373,1.052979037,0.773842774,-2.762050655,1
2.027933906,0.814800101,0.187542317,1.393005185,-2.613961814,1
-1.943456804,-1.008796235,-1.0258584,2.039601413,2.522499601,0
1.075577255,-1.111433853,0.540203493,-1.212482798,-0.134419831,1
1.645450087,-2.534633789,0.328772771,-2.1513271,0.436403278,0
-0.709870712,0.230284114,-0.596215962,-1.498429389,0.572897519,1
-2.25132709,0.016337371,-0.082914276,-0.402408473,2.155909048,1
-1.737938405,-0.540700115,-0.245486166,-1.630010226,2.141400529,0
-2.894382822,0.370261968,-1.02240303,-0.775490497,2.520419502,0
-2.600801795,0.085980903,1.861312183,3.688194556,2.250154082,1
0.373492747,-1.633296485,-0.854675986,0.677230744,0.84272969,0
-2.267278004,-0.091653004,-0.987772338,-1.170257437,2.287592555,0
2.130866438,-1.841290131,0.062619744,-2.280852265,-0.543492783,1
-1.153635449,-2.570313801,0.026442361,1.106489488,2.987222275,0
-0.132402543,2.006162581,2.027149805,0.44291872,-1.405035372,1
-1.391513579,-0.743009209,1.50737604,-0.717587959,1.92127911,0
-0.319131804,-1.392430205,0.648857315,-1.730292898,1.432748445,0
1.803969729,-1.576604466,0.193273468,1.510035517,-0.604028599,0
-2.180423402,-0.26989144,0.905436744,-1.125717379,2.336882782,0
0.139232146,-0.560465526,1.595856996,-0.122579111,0.294841766,0
-1.466781814,-1.758245465,-0.910380646,1.49400491,2.656811615,0
-0.027147358,-0.184583599,-1.554334333,0.034500064,0.163390783,0
-0.474694961,-1.530570151,-0.491890724,0.3985101,1.588033906,0
-2.019226592,-0.303335983,0.260517286,2.181109148,2.056968662,0
-0.157290749,-0.565000304,0.089536685,2.050002038,0.482086701,0
0.438685802,0.382266049,-0.124099007,0.700197593,-0.738873915,1
-0.607667431,-1.280390189,0.497847086,-0.996975168,1.590350855,0
-1.36400277,-0.655540656,-1.272412811,-2.209405109,1.89732133,0
-1.751195891,-0.529980716,-1.451740609,1.896706012,1.984753952,0
-0.278111644,0.254881431,0.198315384,0.524519605,0.049593296,0
-0.666334825,1.222059032,0.114999967,0.608419436,-0.312087199,1
-0.396104639,-0.099858269,-0.649737509,-1.334039644,0.514455605,1
0.187708767,-1.120229508,0.711607265,1.412043962,0.600055985,0
1.830208209,-1.060596986,-1.291869815,0.951123059,-0.992234616,0
-0.092100969,-1.694625993,-0.781350024,-0.001293774,1.364549663,0
-1.57129574,0.807011168,-0.43121953,1.377676512,0.829553173,1
0.817489695,2.316125797,-0.797068365,1.603628241,-2.598654764,1
2.13173095,1.465790573,0.244223053,1.597524451,-3.212812494,1
0.894217769,-1.186157426,0.632402601,-1.805859852,0.122178413,1
-1.138957388,-0.814408249,0.170770891,1.160602608,1.648028725,0
0.129569182,-1.540837798,3.057114942,0.818974341,0.999527004,0
-1.644327389,0.877570374,-0.940155587,3.29469462,0.758499866,1
-1.834359564,-1.342326639,0.074690905,1.957604721,2.673314621,0
1.185636618,-1.5813041,0.294873696,-1.64728586,0.134308989,1
-2.559560676,-0.205482589,1.153989677,2.095894085,2.503124019,1
-1.846319237,-0.440388048,-0.13348158,-1.435787179,2.160451414,0
-1.899112715,1.146626284,-1.68333338,0.403440201,0.931300657,1
0.326215533,-0.548073828,2.022300702,0.780714225,0.065658578,1
0.419438595,0.504436289,-0.001679423,0.965722613,-0.824663016,1
-0.043546253,-1.687201514,-0.113725366,-1.147675981,1.365000774,0
-0.341427304,-1.373932507,0.938808579,-1.434216055,1.426568781,0
2.00593006,0.579599896,0.574067059,1.195895967,-2.406765203,1
0.115907545,2.04041015,1.165902727,0.24738337,-1.659008582,1
-1.820699499,-0.392041116,-0.608368284,-0.822335254,2.071522348,0
0.101006047,-1.056945879,1.207820648,-0.194116948,0.70860775,0
-0.268691062,-1.614482958,-0.669508945,0.058623513,1.470067554,0
-0.483210924,1.76820612,-0.276637196,1.840665718,-0.954695496,1
0.081955791,2.141756189,1.274032039,1.919502594,-1.779375023,1
0.218667449,-1.904318908,0.925557801,-0.378537413,1.242998999,0
0.087318447,0.603000737,-0.744403021,1.120701504,-0.588850224,1
2.196702473,-2.060333599,0.113930111,-1.798301734,-0.46341832,1
1.187688817,-1.150990629,0.513137179,1.890755007,-0.353550092,0
-0.456700804,-1.497190993,0.617655448,-0.898372431,1.604996746,0
-0.549197019,0.101152218,-1.145502681,0.563510435,0.422475813,0
-2.163679736,0.312964376,-0.142099157,2.258594117,1.727114329,1
0.769700251,1.891457826,0.862129923,0.727746649,-2.193079742,1
1.818128486,0.804719141,-0.035819139,1.06513565,-2.391033002,1
-2.404596467,-0.031445333,0.228789091,1.756250603,2.239574149,1
1.547611325,-1.594549856,0.556243935,-3.359725827,-0.123079138,1
-0.06671403,0.526609576,-0.103165992,0.963082494,-0.377012316,1
-0.364480536,-0.406139514,-0.724490052,-2.971455205,0.78983352,1
2.559554875,1.697021122,-0.417309358,1.054290391,-3.77069479,1
1.017745472,-0.603066516,-0.790775034,1.270828668,-0.575672817,0
-0.958925711,-2.179656362,-0.945819652,0.662034949,2.527333111,0
-0.110460905,1.877520775,-0.047775536,-0.942019482,-1.265767848,1
0.86854565,-1.217579083,-1.44194999,-1.486439687,0.155759606,1
0.522006055,0.861808528,-0.848513512,0.926076079,-1.189997753,1
-2.025795775,0.288889377,-0.590424268,2.196395894,1.616426253,1
0.175061358,-1.950387208,0.598819713,-0.504301556,1.325091271,0
-0.356326008,-2.665940188,0.607701168,1.017392389,2.301969596,0
-1.369268842,-0.696771536,-0.422487037,-1.047669042,1.880297417,0
-2.682558601,-0.799280655,-0.34979614,-0.650259079,3.193423792,1
2.275560124,-1.710591426,-1.848003788,-0.564425539,-0.858586502,1
-0.139594687,-0.623001578,-0.390835397,-1.526364607,0.672381596,1
-1.238218321,1.273726497,-0.425158169,2.348338845,0.115546398,1
-0.695637267,0.708031427,-0.631724696,1.4354579,0.065295252,1
1.249254534,-3.082750487,-1.115321439,3.199114173,0.983018008,0
0.075706038,1.916543661,0.560754989,1.32337245,-1.576503673,1
-0.58083188,-0.823192375,-0.754073828,0.581193638,1.148174009,0
-0.124450766,-1.711793236,-0.836319445,-0.131194321,1.414311438,0
-0.289009142,-0.008202432,-0.173103155,-1.270439836,0.340237962,1
0.695637117,1.402912827,0.354378302,0.225802316,-1.731393191,1
0.542216446,-1.652282972,-0.300135051,-0.6465292,0.756434305,0
-0.777122288,-0.915756592,0.225383286,0.672839836,1.401151789,0
1.673109015,-0.059395887,-1.962277598,0.603095955,-1.580501163,0
-2.330858852,0.579727024,-0.589193106,-2.376285189,1.897700011,1
-0.690789961,1.365649058,0.589148845,1.639139593,-0.444021025,1
1.724165974,3.128319035,0.483596401,-0.515554593,-3.979383391,1
1.044029861,1.753287227,-1.175751089,0.202516722,-2.326945979,1
0.236665519,-1.444209396,-0.091468369,-0.075364459,0.86535703,0
1.577294608,-0.804380747,0.890061192,-0.387367995,-0.882537137,0
-1.815546914,-1.362527537,-0.984559838,1.783233624,2.678539057,0
-3.80024898,-1.600739749,0.202435298,0.149552951,4.827884275,1
-0.708571166,-1.140186056,0.646182453,-1.266157987,1.593397145,0
1.63933325,0.300017355,-3.482841179,1.379048391,-1.85446449,1
1.881021334,0.299919296,-0.783537553,0.302914358,-2.035983618,0
-0.329448363,0.881136554,-0.756737465,1.065285408,-0.397857711,1
-0.355114531,0.398888886,-0.980171445,0.083769716,0.034794947,0
0.5472818,-0.331955744,-0.903359084,1.371871169,-0.335265497,0
-0.80557872,1.6793994,0.356621327,0.954486596,-0.539451995,1
-1.480764368,-0.6287987,0.586605412,-1.513718904,1.956869142,0
-0.844571654,-1.085327818,1.306164604,0.79055668,1.587914351,0
0.497684184,-1.972263082,0.112376154,-1.231631142,1.066745223,0
-0.6007521,-1.788684504,0.602470952,0.541010041,1.896327226,0
-1.189991539,-0.801283466,-0.245061086,-1.489674202,1.808038262,0
-0.410189462,-1.846537851,0.550199021,0.454787929,1.761878804,0
-1.066927779,0.056140934,0.820777105,-1.850463482,1.061129583,1
-1.045526765,-1.28519427,-0.091991928,0.956735745,1.922768616,0
0.362499668,-1.842795155,-0.317897938,1.220129456,0.986220245,0
0.774979151,-0.283001714,0.995134129,0.293561372,-0.540275613,0
0.691959341,-1.624347644,1.000880072,1.953779076,0.473520934,0
1.252172832,-1.384213013,0.086141071,-2.182618698,-0.053219764,1
2.714175268,1.244951438,-0.218106653,1.346222006,-3.59115104,1
-0.273889213,-1.530773659,-1.697738014,-0.310798207,1.428862999,0
-0.734885944,-1.189235955,-1.647952163,-1.241509049,1.654347281,0
0.209780797,-0.706559988,-2.448732257,-2.891559035,0.464115243,1
1.313997467,-1.569060352,-0.329233353,0.620547741,-0.101166324,0
0.963310468,1.346648175,-0.863283128,1.226792417,-1.990376563,1
-1.251133634,-0.550297558,0.236023474,1.234695641,1.552808285,0
0.398032213,0.783116185,-1.106612662,1.491975461,-1.038206954,1
1.202450722,0.724434187,0.740861936,0.658977901,-1.724068918,1
-1.383993089,-0.682889061,0.820278419,-1.149842892,1.888571366,0
1.215210431,-0.542744167,0.72532873,0.308900431,-0.765697925,1
2.576448687,-0.244753593,0.598517924,0.384564673,-2.293492428,0
2.170608125,0.855081552,0.286803469,0.780445382,-2.752542159,1
1.254123238,-0.998529898,0.68237278,-0.092179733,-0.441181838,1
2.21791963,-1.349981386,1.254505082,-0.103084531,-1.096279506,1
1.757674533,-1.470208333,-2.245842233,-0.852439138,-0.531962079,1
0.08397344,-1.2705262,-1.08384067,0.987756092,0.831728081,0
-1.437611703,0.468084831,0.178200738,0.174073183,1.012231353,1
0.204991331,-1.504708727,0.302834213,1.590116253,0.865035459,0
1.524043075,-1.453320442,-1.199334666,1.576418053,-0.432626587,0
1.360166368,-1.018007198,1.442623548,-0.516027753,-0.508394515,1
-1.254320666,-0.029738705,-0.721967106,-1.232366578,1.276507759,1
1.103727119,-1.252043899,0.991498037,-1.527037723,-0.04099998,1
1.175542873,-2.647311068,-0.149817984,-1.563789121,0.943141142,0
-0.67319262,-1.308781055,2.053730115,-1.46308869,1.695617537,0
1.147156157,-1.1271979,-0.58519806,-0.645068523,-0.216837073,1
2.665606721,-2.105138155,-0.224814394,-1.787213102,-0.877936709,1
-0.732813189,0.341951304,-0.568875679,0.634405856,0.41318075,0
-0.822526511,-1.091180394,-0.265447293,0.673330145,1.576631129,0
1.085946662,1.725869052,-1.720685356,1.140536602,-2.389202652,1
-0.465402399,-0.007518121,0.809280934,-0.220431857,0.460159082,1
1.236999242,-0.5427397,0.110542664,1.096188063,-0.822500251,0
-1.055054529,1.12574763,-0.124272556,1.479230779,0.09184507,1
1.019042554,0.776531069,0.265470465,0.753016115,-1.592473436,1
-1.112516903,0.886284774,-0.879336138,1.07203585,0.345716979,1
0.680797734,-0.75345074,0.711990688,-0.178468119,-0.074376986,1
-2.12550512,-0.224403862,-1.195821579,-0.901499259,2.239924779,0
-0.700559453,1.258710153,-0.11702357,1.228630607,-0.335368867,1
0.007888797,2.024069819,-1.464108953,0.704662368,-1.564456725,1
1.765425665,-1.209125045,-1.57145923,0.48607357,-0.797227777,1
0.02778844,-1.650676419,-0.016798181,-1.012693354,1.263197477,0
0.190901604,-1.704738971,0.510223955,1.192284975,1.047358104,0
-2.337368171,-1.408506751,-0.223909353,2.418283595,3.182435258,0
-0.64904938,1.333846377,0.09843147,0.588644594,-0.411897341,1
1.740331671,2.771157091,1.550908995,-1.377494278,-3.686368785,1
-1.230197885,-0.730173289,-1.756146425,-1.904893021,1.811847933,0
-3.104053362,-0.913224018,0.611795434,1.64444186,3.576839089,1
-2.725901116,0.234120395,-1.161923493,-1.415868407,2.491364477,0
1.815785398,-0.904053776,1.194432321,1.238983323,-1.109544456,0
1.181633679,1.321879366,1.353493804,0.891880268,-2.164886679,1
3.021764174,-0.540174142,-0.700716286,1.299009216,-2.537998375,0
1.945961838,-1.377271003,-0.5433917,0.151455221,-0.827663684,0
-1.036923476,-0.766547442,0.898997607,-3.383724951,1.722296168,0
2.110252238,0.177122563,1.430910372,1.471285992,-2.215792206,0
0.183299796,0.514672141,1.811874735,0.953948031,-0.606343537,1
-0.323907676,1.495878586,0.321596482,0.348592282,-0.833461474,1
-0.10559199,-0.78241233,1.158874509,2.103053102,0.594067572,0
-1.462475436,-0.600863092,0.976126817,-1.607638577,1.922654996,0
2.471446202,-1.501889406,-2.867200995,0.071684431,-1.231934407,1
1.535029222,-1.253025411,0.018975551,-1.712071888,-0.44365685,1
-2.203527082,-0.295711829,-0.810814584,0.209659011,2.317345322,1
-0.450720182,-0.043461189,-0.341769116,0.452958836,0.442428838,0
0.308496083,-1.90959629,-1.408549812,-0.663052632,1.174203199,0
2.03161805,-1.091993454,-0.309306486,0.558545567,-1.14296512,1
-2.408393079,-0.153713837,1.495008423,0.615500624,2.3874549,1
0.126440677,-0.375942609,-0.481875482,1.790571977,0.08059364,0
-0.658325274,-1.420886476,-0.842770528,0.597553878,1.671661494,0
-1.353032466,0.432290076,-1.353212155,-0.35741903,0.98272774,1
-0.926092966,-1.090930777,-0.098199958,-1.209663621,1.761425084,0
-0.766931782,0.773894608,-0.892799978,-0.785229043,0.185284789,1
1.954103083,-1.971368333,0.715493881,-2.434484591,-0.269689322,1
-1.076375329,0.934630641,0.54918002,0.029528804,0.322447058,1
0.449097079,0.841763308,0.187005467,1.350998335,-1.124702523,1
0.186962642,-0.991240868,0.036229012,-2.061757348,0.662415201,1
-2.017980495,-1.422727201,0.376268829,2.061128101,2.904488436,0
0.200949939,-1.478014756,-0.231938702,1.13524697,0.869581711,0
-0.526232014,-1.304252788,-0.490842875,-0.765045153,1.519959448,0
1.356981495,2.613944211,1.076512664,-1.175603099,-3.211106421,1
1.785630428,-0.014371474,0.922046224,1.168614363,-1.747719464,1
0.275651828,0.96766322,-1.108055881,0.399344798,-1.010409644,1
-1.42891269,-0.055068423,0.344348625,-1.08938681,1.455771697,1
-0.223486562,1.512366987,-0.45003284,1.132392821,-0.977608451,1
0.932509936,2.329414564,1.562487251,-0.214464249,-2.635381171,1
0.734217484,-1.20119547,-0.634236721,-1.682146772,0.280636747,1
-0.833810583,-1.438304463,1.847679012,0.99040446,1.834395236,0
-2.151733558,0.106244764,1.414117202,2.314847515,1.868854535,0
1.119964179,2.763932552,-0.442992506,0.10172841,-3.156156264,1
-3.131856911,0.77657977,0.133107217,-2.305896876,2.511077658,0
-1.340100527,0.456420765,-0.724037332,1.408506664,0.871468373,0
-0.54852793,-1.520392236,-0.991427178,0.043103368,1.667119166,0
1.197254187,-0.816090494,1.358656689,1.18419284,-0.582658559,0
2.230812509,0.101141982,1.236892417,0.440355598,-2.22655011,1
1.086782566,0.844680018,-1.406039649,1.088847213,-1.723848239,1
0.844519357,-1.024379403,0.028532408,-1.008732187,0.011328069,0
0.021414478,1.32504894,-0.764888283,1.440444832,-1.08444609,1
-2.883670998,0.562871899,0.876105665,-2.432901749,2.440871977,0
-1.39384609,0.970649475,1.503796325,1.399090732,0.53585856,1
-0.299208191,-2.408754926,0.010351396,1.240984796,2.043470414,0
-3.147074671,-0.393955083,0.25051794,1.865385085,3.216660446,1
-0.865242809,-0.991032935,-0.019265997,-1.721823464,1.65148116,0
0.690457586,-2.214587419,-0.436376076,-0.541721662,1.033663039,0
-1.610437965,-0.655188147,0.500690301,-0.101321076,2.036004016,0
0.346103108,-0.594746117,0.342698132,-1.198016754,0.172287387,1
-0.370985195,-1.917282561,0.366623887,0.44459865,1.778199185,0
1.410270413,0.461969032,-0.394113751,0.818650523,-1.732106204,0
-0.491775153,1.295439091,1.845214903,1.711850459,-0.584498392,1
2.789244066,-0.791181202,0.794487985,0.850157167,-2.106361208,0
-0.916409726,0.155539114,0.09500917,-0.170379158,0.765713902,1
0.994921012,1.600751448,1.249959565,0.926366294,-2.198240274,1
0.832637635,-0.609101331,-0.170378729,0.255974712,-0.347968944,1
-1.270066495,-0.868959335,1.189351372,-0.611595751,1.895338968,0
2.575597604,3.309819202,0.076995695,-2.130786969,-4.855303627,1
0.749223465,1.941429369,0.57993426,0.58377115,-2.204587051,1
0.017383397,-1.611910105,0.460786878,-1.521380819,1.267186912,0
0.321446042,2.010154482,0.226642872,0.175851872,-1.829218256,1
0.496023099,-2.120728878,1.322483688,-1.273663629,1.182090591,0
-1.663951129,0.558183717,-0.426169365,1.137863021,1.116433342,1
-2.095179244,-0.15084529,0.205485579,-1.061039381,2.162849143,0
1.553052681,-1.681561597,0.45090721,0.716440593,-0.249081031,0
0.822297369,-3.859258458,-0.581913608,2.35153934,2.014407673,0
-1.493380552,-0.527800944,1.019057219,-1.993118475,1.914752835,0
-1.510291711,-0.633460162,-0.641444138,-1.543384283,1.989932793,0
-0.850235815,-1.200818169,2.066571799,-1.222504032,1.772352127,0
-3.159041827,-0.488876907,1.042340826,3.195135014,3.238799127,1
-2.658423465,-2.240558012,-0.448892567,2.685778547,4.103560252,0
-0.008295379,2.205634984,1.246894959,1.301198631,-1.713045162,1
0.094755221,-0.82550415,0.025075923,-1.223936833,0.58731481,1
0.652554688,-2.250497375,-0.677993026,0.161145699,1.064774409,0
0.074569396,0.369143328,0.408539418,0.664242143,-0.379645883,1
